Date,Time,product_name,product_url,product_category_tree,pid,retail_price,discounted_price,brand
25-03-2016,22:59:23,Alisha Solid Women's Cycling Shorts,http://www.flipkart.com/alisha-solid-women-s-cycling-shorts/p/itmeh2ffvzetthbb?pid=SRTEH2FF9KEDEFGF,"[""Clothing >> Women's Clothing >> Lingerie, Sleep & Swimwear >> Shorts >> Alisha Solid Women's Cycling Shorts""]",SRTEH2FF9KEDEFGF,999,379,Alisha
25-03-2016,22:59:23,FabHomeDecor Fabric Double Sofa Bed,http://www.flipkart.com/fabhomedecor-fabric-double-sofa-bed/p/itmeh3qgfamccfpy?pid=SBEEH3QGU7MFYJFY,"[""Furniture >> Living Room Furniture >> Sofa Beds & Futons >> FabHomeDecor Fabric Double Sofa Bed""]",SBEEH3QGU7MFYJFY,32157,22646,FabHomeDecor
25-03-2016,22:59:23,AW Bellies,http://www.flipkart.com/aw-bellies/p/itmeh4grgfbkexnt?pid=SHOEH4GRSUBJGZXE,"[""Footwear >> Women's Footwear >> Ballerinas >> AW Bellies""]",SHOEH4GRSUBJGZXE,999,499,AW
25-03-2016,22:59:23,Alisha Solid Women's Cycling Shorts,http://www.flipkart.com/alisha-solid-women-s-cycling-shorts/p/itmeh2f6sdgah2pq?pid=SRTEH2F6HUZMQ6SJ,"[""Clothing >> Women's Clothing >> Lingerie, Sleep & Swimwear >> Alisha Solid Women's Cycling Shorts""]",SRTEH2F6HUZMQ6SJ,699,267,Alisha
25-03-2016,22:59:23,Sicons All Purpose Arnica Dog Shampoo,http://www.flipkart.com/sicons-all-purpose-arnica-dog-shampoo/p/itmeh3zyw2vhgsp5?pid=PSOEH3ZYDMSYARJ5,"[""Pet Supplies >> Grooming >> Skin & Coat Care >> Shampoo >> Sicons All Purpose Arnica Dog Shampoo (500 ml)""]",PSOEH3ZYDMSYARJ5,220,210,Sicons
25-03-2016,22:59:23,Eternal Gandhi Super Series Crystal Paper Weights,http://www.flipkart.com/eternal-gandhi-super-series-crystal-paper-weights-silver-finish/p/itmeb7h2hrfgutxb?pid=PWTEB7H2E4KCYUE3,"[""Eternal Gandhi Super Series Crystal Paper Weight...""]",PWTEB7H2E4KCYUE3,430,430,Eternal Gandhi
25-03-2016,22:59:23,Alisha Solid Women's Cycling Shorts,http://www.flipkart.com/alisha-solid-women-s-cycling-shorts/p/itmeh2ftwkzykhcg?pid=SRTEH2FVVKRBAXHB,"[""Clothing >> Women's Clothing >> Lingerie, Sleep & Swimwear >> Shorts >> Alisha Solid Women's Cycling Shorts""]",SRTEH2FVVKRBAXHB,1199,479,Alisha
25-03-2016,22:59:23,FabHomeDecor Fabric Double Sofa Bed,http://www.flipkart.com/fabhomedecor-fabric-double-sofa-bed/p/itmeh3qgnxztzcvf?pid=SBEEH3QGYGHFUEXN,"[""Furniture >> Living Room Furniture >> Sofa Beds & Futons >> FabHomeDecor Fabric Double Sofa Bed (Finish Colo...""]",SBEEH3QGYGHFUEXN,32157,22646,FabHomeDecor
25-03-2016,22:59:23,"dilli bazaaar Bellies, Corporate Casuals, Casuals",http://www.flipkart.com/dilli-bazaaar-bellies-corporate-casuals-casuals/p/itmeh2paagfuhbzh?pid=SHOEH3DZBFR88SCK,"[""Footwear >> Women's Footwear >> Ballerinas >> dilli bazaaar Bellies, Corporate Casuals, Casuals""]",SHOEH3DZBFR88SCK,699,349,dilli bazaaar
25-03-2016,22:59:23,Alisha Solid Women's Cycling Shorts,http://www.flipkart.com/alisha-solid-women-s-cycling-shorts/p/itmeh2fvdphhyshh?pid=SRTEH2FVUHAAVH9X,"[""Clothing >> Women's Clothing >> Lingerie, Sleep & Swimwear >> Shorts >>  Alisha Solid Women's Cycling Shorts""]",SRTEH2FVUHAAVH9X,1199,479,Alisha
25-03-2016,22:59:23,Ladela Bellies,http://www.flipkart.com/ladela-bellies/p/itmeh4kmxght7tuc?pid=SHOEH4KM2W3Z6EH5,"[""Footwear >> Women's Footwear >> Ballerinas >> Ladela Bellies""]",SHOEH4KM2W3Z6EH5,1724,950,Ladela
25-03-2016,22:59:23,Carrel Printed Women's,http://www.flipkart.com/carrel-printed-women-s/p/itmehf3ednm5fvyt?pid=SWIEHF3EF5PZAZUY,"[""Clothing >> Women's Clothing >> Sports & Gym Wear >> Swimsuits >> Carrel Swimsuits >> Carrel Printed Women's""]",SWIEHF3EF5PZAZUY,2299,910,Carrel
25-03-2016,22:59:23,Sicons All Purpose Tea Tree Dog Shampoo,http://www.flipkart.com/sicons-all-purpose-tea-tree-dog-shampoo/p/itmeh3zyhfrgh3re?pid=PSOEH3ZYYFETGCCD,"[""Pet Supplies >> Grooming >> Skin & Coat Care >> Shampoo >> Sicons All Purpose Tea Tree Dog Shampoo (200 ml)""]",PSOEH3ZYYFETGCCD,,,Sicons
25-03-2016,22:59:23,Alisha Solid Women's Cycling Shorts,http://www.flipkart.com/alisha-solid-women-s-cycling-shorts/p/itmeh2fgcjz4mzvu?pid=SRTEH2FGBDJGX8FW,"[""Clothing >> Women's Clothing >> Lingerie, Sleep & Swimwear >> Shorts >> Alisha Solid Women's Cycling Shorts""]",SRTEH2FGBDJGX8FW,999,379,Alisha
25-03-2016,22:59:23,Freelance Vacuum Bottles 350 ml Bottle,http://www.flipkart.com/freelance-vacuum-bottles-350-ml-bottle/p/itmegytzpkgmrew5?pid=BOTEGYTZ2T6WUJMM,"[""Pens & Stationery >> School Supplies >> Water Bottles >>  Freelance Vacuum Bottles 350 ml Bottle""]",BOTEGYTZ2T6WUJMM,699,699,Freelance
25-03-2016,22:59:23,Alisha Solid Women's Cycling Shorts,http://www.flipkart.com/alisha-solid-women-s-cycling-shorts/p/itmeh2fehghynve9?pid=SRTEH2FECMGNZJXJ,"[""Clothing >> Women's Clothing >> Lingerie, Sleep & Swimwear >>  Alisha Solid Women's Cycling Shorts""]",SRTEH2FECMGNZJXJ,999,379,Alisha
25-03-2016,22:59:23,FabHomeDecor Fabric Double Sofa Bed,http://www.flipkart.com/fabhomedecor-fabric-double-sofa-bed/p/itmeh3qgzgmsuyxn?pid=SBEEH3QGAYAEPRCG,"[""Furniture >> Living Room Furniture >> Sofa Beds & Futons >> FabHomeDecor Fabric Double Sofa Bed (Finish Colo...""]",SBEEH3QGAYAEPRCG,32157,22646,FabHomeDecor
25-03-2016,22:59:23,Style Foot Bellies,http://www.flipkart.com/style-foot-bellies/p/itmeh4fssgzabe5h?pid=SHOEH4FSHEDEMVTM,"[""Footwear >> Women's Footwear >> Ballerinas >> Style Foot Bellies""]",SHOEH4FSHEDEMVTM,899,449,Style Foot
25-03-2016,22:59:23,Carrel Printed Women's,http://www.flipkart.com/carrel-printed-women-s/p/itmehf3hmxnuawtn?pid=SWIEHF3H7WG6VGMR,"[""Clothing >> Women's Clothing >> Sports & Gym Wear >> Swimsuits >> Carrel Swimsuits >> Carrel Printed Women's""]",SWIEHF3H7WG6VGMR,2499,999,Carrel
25-03-2016,22:59:23,FabHomeDecor Fabric Double Sofa Bed,http://www.flipkart.com/fabhomedecor-fabric-double-sofa-bed/p/itmeh3qgqctxreu9?pid=SBEEH3QGWRGG3J6Q,"[""Furniture >> Living Room Furniture >> Sofa Beds & Futons >> FabHomeDecor Fabric Double Sofa Bed (Finish Colo...""]",SBEEH3QGWRGG3J6Q,32157,22646,FabHomeDecor
25-03-2016,22:59:23,Sicons Conditioning Conditoner Dog Shampoo,http://www.flipkart.com/sicons-conditioning-conditoner-dog-shampoo/p/itmeh3zxdz5zzgpz?pid=PSOEH3ZXRTZJUVXM,"[""Pet Supplies >> Grooming >> Skin & Coat Care >> Shampoo >> Sicons Conditioning Conditoner Dog Shampoo (200 ml)""]",PSOEH3ZXRTZJUVXM,110,100,Sicons
25-03-2016,22:59:23,Alisha Solid Women's Cycling Shorts,http://www.flipkart.com/alisha-solid-women-s-cycling-shorts/p/itmeh2fdc4esfsym?pid=SRTEH2FD3ANFFMHP,"[""Clothing >> Women's Clothing >> Lingerie, Sleep & Swimwear >>  Alisha Solid Women's Cycling Shorts""]",SRTEH2FD3ANFFMHP,,,Alisha
31-03-2016,15:22:07,dongli Printed Boy's Round Neck T-Shirt,http://www.flipkart.com/dongli-printed-boy-s-round-neck-t-shirt/p/itmehbhxtchxzghk?pid=TSHEHBHSKBJWHFNF,"[""Clothing >> Kids' Clothing >> Boys Wear >> dongli Printed Boy's Round Neck T-Shirt (Pack of 4)""]",TSHEHBHSKBJWHFNF,2400,1039,dongli
31-03-2016,15:22:07,SWAGGA Women Clogs,http://www.flipkart.com/swagga-women-clogs/p/itmeh75zqupd8scy?pid=SNDEH75ZFZ5REGFH,"[""Footwear >> Women's Footwear >> Sports Sandals >> SWAGGA Women Clogs""]",SNDEH75ZFZ5REGFH,1500,1500,SWAGGA
03-01-2016,20:56:50,Kennel Rubber Dumbell With Bell - Small Rubber Rubber Toy For Dog,http://www.flipkart.com/kennel-rubber-dumbell-bell-small-toy-dog/p/itmea6sfmyuwwgjq?pid=PTYEA6SFGD4X8NAR,"[""Pet Supplies >> Toys >> Comfort Toys""]",PTYEA6SFGD4X8NAR,190,190,Kennel
03-01-2016,20:56:50,Glus Wedding Lingerie Set,http://www.flipkart.com/glus-wedding-lingerie-set/p/itme92u9hecg3cyy?pid=LINE92U9KGZG25AY,"[""Clothing >> Women's Clothing >> Lingerie, Sleep & Swimwear >> Lingerie Sets >> Glus Lingerie Sets""]",LINE92U9KGZG25AY,1299,699,
03-01-2016,20:56:50,Veelys Shiny White Quad Roller Skates - Size 4.5 UK,http://www.flipkart.com/veelys-shiny-white-quad-roller-skates-size-4-5-uk/p/itmec88wuhjgzwur?pid=SKTEC88WSNYJKWY7,"[""Sports & Fitness >> Other Sports >> Skating >> Skates >> Veelys Skates""]",SKTEC88WSNYJKWY7,3199,2499,
03-01-2016,20:56:50,Bulaky vanity case Jewellery Vanity Case,http://www.flipkart.com/bulaky-vanity-case-jewellery/p/itmdzy4ycfjhvctj?pid=VANDZY4YZFPEG85T,"[""Beauty and Personal Care >> Makeup >> Vanity Boxes >> Bulaky Vanity Boxes""]",VANDZY4YZFPEG85T,499,390,
03-01-2016,20:56:50,FDT Women's Leggings,http://www.flipkart.com/fdt-women-s-leggings/p/itmeb2km9y7kdd6v?pid=LJGEB2KMCMMHHFC7,"[""Clothing >> Women's Clothing >> Fusion Wear >> Leggings & Jeggings >> FDT Legging Jegging""]",LJGEB2KMCMMHHFC7,699,309,
03-01-2016,20:56:50,Madcaps C38GR30 Men's Cargos,http://www.flipkart.com/madcaps-c38gr30-men-s-cargos/p/itme6a53bczcafya?pid=CRGE6A53UX7CJMXX,"[""Clothing >> Men's Clothing >> Cargos, Shorts & 3/4ths >> Cargos >> Madcaps Cargos""]",CRGE6A53UX7CJMXX,2199,1699,
11-05-2016,09:26:02,Bengal Blooms Rose Artificial Plant  with Pot,http://www.flipkart.com/bengal-blooms-rose-artificial-plant-pot/p/itmegdhsahxvv5km?pid=ARPEGDHSXZJSHGSN,"[""Bengal Blooms Rose Artificial Plant  with Pot (3...""]",ARPEGDHSXZJSHGSN,799,579,Bengal Blooms
24-06-2016,16:24:13,Indcrown Net Embroidered Semi-stitched Lehenga Choli Material,http://www.flipkart.com/indcrown-net-embroidered-semi-stitched-lehenga-choli-material/p/itmejx2n25hczzvh?pid=FABEJX2NHNKCYHKA,"[""Clothing >> Women's Clothing >> Ethnic Wear >> Fabric >> Lehenga Choli Material""]",FABEJX2NHNKCYHKA,999,699,Indcrown
24-06-2016,16:24:13,Shopmania Music Band A5 Notebook Spiral Bound,http://www.flipkart.com/shopmania-music-band-a5-notebook-spiral-bound/p/itmej6z8xckfqbvt?pid=DIAEJ6Z8BEDTGGYY,"[""Pens & Stationery >> Diaries & Notebooks >> Notebooks >> Designer >> Shopmania Designer""]",DIAEJ6Z8BEDTGGYY,499,275,Shopmania
24-06-2016,16:24:13,Shopmania Music Band A5 Notebook Spiral Bound,http://www.flipkart.com/shopmania-music-band-a5-notebook-spiral-bound/p/itmej6z8tagp7gsy?pid=DIAEJ6Z8KQFWDEGH,"[""Pens & Stationery >> Diaries & Notebooks >> Notebooks >> Designer >> Shopmania Designer""]",DIAEJ6Z8KQFWDEGH,499,275,Shopmania
24-06-2016,16:24:13,Tiara Diaries 2016-2017 Designer LA Kaarta ,http://www.flipkart.com/tiara-diaries-2016-2017-designer-la-kaarta-taking-action-getting-result-set-3-b5-notebook-hard-bound/p/itmej8fgzwbenga9?pid=DIAEJ8FGHZ3K86JU,"[""Pens & Stationery >> Diaries & Notebooks >> Notebooks >> Designer >> Tiara Diaries Designer""]",DIAEJ8FGHZ3K86JU,1000,837,Tiara Diaries
03-03-2016,07:19:26,KAJCI Embroidered Women's Waistcoat,http://www.flipkart.com/kajci-embroidered-women-s-waistcoat/p/itmeg2fyaezq59fn?pid=WSCEG2FYDYFDSVZ6,"[""Clothing >> Women's Clothing >> Formal Wear >> KAJCI Embroidered Women's Waistcoat""]",WSCEG2FYDYFDSVZ6,1200,699,KAJCI
03-03-2016,07:19:26,Packman 8 x 10 inches Security Bags Without POD Jacket Courier Bag,http://www.flipkart.com/packman-8-x-10-inches-security-bags-without-pod-jacket-courier-bag/p/itmegbtrgzn3hzbc?pid=PKBEGBTRKKHU26YQ,"[""Pens & Stationery >> Office Supplies >> Packaging Security Bags >> Packman Packaging Security Bags""]",PKBEGBTRKKHU26YQ,350,298,Packman
03-03-2016,07:19:26,Pick Pocket Embroidered Women's Waistcoat,http://www.flipkart.com/pick-pocket-embroidered-women-s-waistcoat/p/itmefuv4c2beuazq?pid=WSCEFUV4TVWT73ZB,"[""Clothing >> Women's Clothing >> Formal Wear >> Pick Pocket Embroidered Women's Waistcoat""]",WSCEFUV4TVWT73ZB,899,899,Pick Pocket
03-03-2016,07:19:26,Angelfish Silk Potali Potli,http://www.flipkart.com/angelfish-silk-potali-potli/p/itmegfyaw849dw9b?pid=PPSEGFYAGD8FYUXV,"[""Bags, Wallets & Belts >> Bags >> Pouches and Potlis >>  Angelfish Silk Potali Potli (Multicolor)""]",PPSEGFYAGD8FYUXV,999,399,Angelfish
03-03-2016,07:19:26,Oye Boy's Dungaree,http://www.flipkart.com/oye-boy-s-dungaree/p/itmef2xs6hvnapgy?pid=DRPEF2XSFBAP4SUZ,"[""Clothing >> Kids' Clothing >> Boys Wear >> Dungarees & Jumpsuits >> Oye Boy's Dungaree""]",DRPEF2XSFBAP4SUZ,899,764,Oye
26-05-2016,06:31:26,Nuride Canvas Shoes,http://www.flipkart.com/nuride-canvas-shoes/p/itmegvqbfp7yszy3?pid=SHOEGVQCT2ZSGUHY,"[""Footwear >> Women's Footwear >> Casual Shoes >> Canvas >> Nuride Canvas Shoes""]",SHOEGVQCT2ZSGUHY,1999,1349,Nuride
26-05-2016,06:31:26,OM SHIVAKRITI Square wall Clock Showpiece  -  38.1 cm,http://www.flipkart.com/om-shivakriti-square-wall-clock-showpiece-38-1-cm/p/itmehs7xbfb3zgca?pid=SHIEHS7XJ954NRYY,"[""Home Decor & Festive Needs >> Showpiece >> Gramophones >> OM SHIVAKRITI Gramophones""]",SHIEHS7XJ954NRYY,1499,1499,OM SHIVAKRITI
26-05-2016,06:31:26,Himmlisch ST381 Magnetic Sun Shade For Maruti Alto,http://www.flipkart.com/himmlisch-st381-magnetic-sun-shade-maruti-alto/p/itmejfbryjrhguxk?pid=SUDEJFBRVYEUZUDH,"[""Automotive >> Accessories & Spare parts >> Car Interior & Exterior >> Car Interior >> Car Sun Shades""]",SUDEJFBRVYEUZUDH,6999,1899,Himmlisch
05-04-2016,17:56:58,Rapter BNC-179 BNC Wire Connector,http://www.flipkart.com/rapter-bnc-179-bnc-wire-connector/p/itmehf8g2gg9efem?pid=WJCEHF8GZSQWZY7Z,"[""Tools & Hardware >> Tools >> Hardware & Electricals >> Hardware >> Wire Joints & Connectors""]",WJCEHF8GZSQWZY7Z,2299,1400,Rapter
05-04-2016,17:56:58,Vishudh Printed Women's Straight Kurta,http://www.flipkart.com/vishudh-printed-women-s-straight-kurta/p/itmehe9h6uejkznn?pid=KTAEHE9HAED4VUQB,"[""Vishudh Printed Women's Straight Kurta""]",KTAEHE9HAED4VUQB,999,499,Vishudh
05-04-2016,17:56:58,Vishudh Printed Women's Straight Kurta,http://www.flipkart.com/vishudh-printed-women-s-straight-kurta/p/itmehe9kzenpyqcp?pid=KTAEHE9KFCMVVSBN,"[""Vishudh Printed Women's Straight Kurta""]",KTAEHE9KFCMVVSBN,899,449,Vishudh
05-04-2016,17:56:58,Vishudh Printed Women's Anarkali Kurta,http://www.flipkart.com/vishudh-printed-women-s-anarkali-kurta/p/itmehe9khxckjhnh?pid=KTAEHE9KEZBBQHYA,"[""Vishudh Printed Women's Anarkali Kurta""]",KTAEHE9KEZBBQHYA,2099,1049,Vishudh
05-04-2016,17:56:58,BuildTrack PIR Wireless Motion Sensor ,http://www.flipkart.com/buildtrack-pir-wireless-motion-sensor-one-switch-control-security-system/p/itmehdp9wpszgqr5?pid=SSSEHDP9RFW7ZGNG,"[""BuildTrack PIR Wireless Motion Sensor - One Swit...""]",SSSEHDP9RFW7ZGNG,6500,5000,BuildTrack
05-04-2016,17:56:58,Skayvon SUMMERSIBLE SINGLE PHASE PUMP CONTROLLER ,http://www.flipkart.com/skayvon-summersible-single-phase-pump-controller-wired-sensor-security-system/p/itmehfz2fwmpfyqe?pid=SSSEHFZ2TRZBAPF9,"[""Skayvon SUMMERSIBLE SINGLE PHASE PUMP CONTROLLER...""]",SSSEHFZ2TRZBAPF9,9990,4990,Skayvon
05-04-2016,17:56:58,MASARA Solid Women's Straight Kurta,http://www.flipkart.com/masara-solid-women-s-straight-kurta/p/itmehetwvvz3ts8e?pid=KTAEHETWXZYYG35G,"[""MASARA Solid Women's Straight Kurta""]",KTAEHETWXZYYG35G,1399,599,MASARA
05-04-2016,17:56:58,Vishudh Printed Women's Straight Kurta,http://www.flipkart.com/vishudh-printed-women-s-straight-kurta/p/itmehe9ksy4w3gft?pid=KTAEHE9KPZU5JK2P,"[""Vishudh Printed Women's Straight Kurta""]",KTAEHE9KPZU5JK2P,899,449,Vishudh
05-04-2016,17:56:58,Rapter BNC-047 BNC Wire Connector,http://www.flipkart.com/rapter-bnc-047-bnc-wire-connector/p/itmehf8jjwr4frj5?pid=WJCEHF8JMMZWPYYG,"[""Tools & Hardware >> Tools >> Hardware & Electricals >> Hardware >> Wire Joints & Connectors""]",WJCEHF8JMMZWPYYG,1299,899,Rapter
05-04-2016,17:56:58,Skayvon SUBMERSIBBLE THREE PHASE PUMP CONTROLLER ,http://www.flipkart.com/skayvon-submersibble-three-phase-pump-controller-wired-sensor-security-system/p/itmehfz3vjv7je33?pid=SSSEHFZ34KRWYGSH,"[""Skayvon SUBMERSIBBLE THREE PHASE PUMP CONTROLLER...""]",SSSEHFZ34KRWYGSH,8999,4990,Skayvon
05-04-2016,17:56:58,Vishudh Printed Women's Straight Kurta,http://www.flipkart.com/vishudh-printed-women-s-straight-kurta/p/itmehe9kyts27r2g?pid=KTAEHE9K8CQJMQCV,"[""Vishudh Printed Women's Straight Kurta""]",KTAEHE9K8CQJMQCV,899,449,Vishudh
05-04-2016,17:56:58,Behringer Xenyx 502 Analog Sound Mixer,http://www.flipkart.com/behringer-xenyx-502-analog-sound-mixer/p/itmeheyxb4j9pvva?pid=SNMEHEYXQCEW3JCQ,"[""Behringer Xenyx 502 Analog Sound Mixer""]",SNMEHEYXQCEW3JCQ,10000,6600,Behringer
05-04-2016,17:56:58,Vishudh Printed Women's Straight Kurta,http://www.flipkart.com/vishudh-printed-women-s-straight-kurta/p/itmehe9kqzkfqwr3?pid=KTAEHE9K92ADDUNC,"[""Vishudh Printed Women's Straight Kurta""]",KTAEHE9K92ADDUNC,899,449,Vishudh
05-04-2016,17:56:58,Vishudh Printed Women's Straight Kurta,http://www.flipkart.com/vishudh-printed-women-s-straight-kurta/p/itmehe9kf2h9ca5e?pid=KTAEHE9KNNU7RP4Z,"[""Vishudh Printed Women's Straight Kurta""]",KTAEHE9KNNU7RP4Z,899,449,Vishudh
05-04-2016,17:56:58,MASARA Solid Women's Straight Kurta,http://www.flipkart.com/masara-solid-women-s-straight-kurta/p/itmehetw2nqxze4u?pid=KTAEHETWZZ5KEAT9,"[""MASARA Solid Women's Straight Kurta""]",KTAEHETWZZ5KEAT9,1399,599,MASARA
05-04-2016,17:56:58,MASARA Solid Women's Straight Kurta,http://www.flipkart.com/masara-solid-women-s-straight-kurta/p/itmehetvd9fneydv?pid=KTAEHETVCXXZRXGK,"[""MASARA Solid Women's Straight Kurta""]",KTAEHETVCXXZRXGK,1399,550,MASARA
05-04-2016,17:56:58,Roadster Men's Zipper Solid Cardigan,http://www.flipkart.com/roadster-men-s-zipper-solid-cardigan/p/itmedfy7ueuk5mfs?pid=CGNEDFY77SGZTEQ2,"[""Clothing >> Men's Clothing >> Winter & Seasonal Wear >>  Roadster Men's Zipper Solid Cardigan""]",CGNEDFY77SGZTEQ2,1399,699,Roadster
05-04-2016,17:56:58,Vishudh Printed Women's Straight Kurta,http://www.flipkart.com/vishudh-printed-women-s-straight-kurta/p/itmehe9hkegqrudx?pid=KTAEHE9H9MVK42JA,"[""Vishudh Printed Women's Straight Kurta""]",KTAEHE9H9MVK42JA,999,499,Vishudh
05-04-2016,17:56:58,Noor Embroidered Women's Straight Kurta,http://www.flipkart.com/noor-embroidered-women-s-straight-kurta/p/itmehfqgnb2qb7cr?pid=KTAEHFQGFGMGGMUZ,"[""Noor Embroidered Women's Straight Kurta""]",KTAEHFQGFGMGGMUZ,1649,849,Noor
05-04-2016,17:56:58,MASARA Solid Women's Straight Kurta,http://www.flipkart.com/masara-solid-women-s-straight-kurta/p/itmehetwyb7q4kjz?pid=KTAEHETW3ZCMFMJR,"[""MASARA Solid Women's Straight Kurta""]",KTAEHETW3ZCMFMJR,1399,599,MASARA
05-04-2016,17:56:58,Vishudh Printed Women's Straight Kurta,http://www.flipkart.com/vishudh-printed-women-s-straight-kurta/p/itmehe9kutfys8sz?pid=KTAEHE9KFWXNYHFD,"[""Vishudh Printed Women's Straight Kurta""]",KTAEHE9KFWXNYHFD,899,449,Vishudh
05-04-2016,17:56:58,Libas Printed Women's A-line Kurta,http://www.flipkart.com/libas-printed-women-s-a-line-kurta/p/itmegfprfch9qntx?pid=KTAEGFPRCCS46ZMA,"[""Libas Printed Women's A-line Kurta""]",KTAEGFPRCCS46ZMA,899,449,Libas
05-04-2016,17:56:58,Libas Printed Women's Anarkali Kurta,http://www.flipkart.com/libas-printed-women-s-anarkali-kurta/p/itmeg2eqhrtjm6g3?pid=KTAEG2EQ6GSJE8AG,"[""Libas Printed Women's Anarkali Kurta""]",KTAEG2EQ6GSJE8AG,1849,924,Libas
05-04-2016,17:56:58,MASARA Solid Women's Straight Kurta,http://www.flipkart.com/masara-solid-women-s-straight-kurta/p/itmehetwn5s6fgzs?pid=KTAEHETWRNSWM4EF,"[""MASARA Solid Women's Straight Kurta""]",KTAEHETWRNSWM4EF,999,499,MASARA
30-04-2016,03:22:56,HRS ULTIMATE BOY Chest Pads,http://www.flipkart.com/hrs-ultimate-boy-chest-pads/p/itmehzfg2tjxadjw?pid=PADEHZFHMTEUP8YG,"[""Sports & Fitness >> Team Sports >> Cricket >> Cricket Pads >> HRS ULTIMATE BOY Chest Pads""]",PADEHZFHMTEUP8YG,440,395,HRS
30-04-2016,03:22:56,Vermello Men Casual Brown Genuine Leather Belt,http://www.flipkart.com/vermello-men-casual-brown-genuine-leather-belt/p/itmeg6kudk9mhguj?pid=BELEG6KUK6ZBFTZJ,"[""Bags, Wallets & Belts >> Belts >> Vermello Belts >> Vermello Men Casual Brown Genuine Leather Belt (...""]",BELEG6KUK6ZBFTZJ,1495,795,Vermello
30-04-2016,03:22:56,HRS CLUB BOY Thigh Pads,http://www.flipkart.com/hrs-club-boy-thigh-pads/p/itmehzfj9zzhgckv?pid=PADEHZFJGQNSEVKC,"[""Sports & Fitness >> Team Sports >> Cricket >> Cricket Pads >> HRS CLUB BOY Thigh Pads""]",PADEHZFJGQNSEVKC,280,250,HRS
30-04-2016,03:22:56,Ligans NY Men Formal Black Genuine Leather Belt,http://www.flipkart.com/ligans-ny-men-formal-black-genuine-leather-belt/p/itmeg68tjkg9zgzf?pid=BELEG68SBMZFFN5Z,"[""Bags, Wallets & Belts >> Belts >> Ligans NY Belts >> Ligans NY Men Formal Black Genuine Leather Belt ...""]",BELEG68SBMZFFN5Z,795,695,Ligans NY
30-04-2016,03:22:56,Elegance Polyester Multicolor Abstract Eyelet Door Curtain,http://www.flipkart.com/elegance-polyester-multicolor-abstract-eyelet-door-curtain/p/itmeg7bkzdgthcts?pid=CRNEG7BKMFFYHQ8Z,"[""Home Furnishing >> Curtains & Accessories >> Curtains >> Elegance Polyester Multicolor Abstract Eyelet Do...""]",CRNEG7BKMFFYHQ8Z,1899,899,Elegance
30-04-2016,03:22:56,Liza Women Wedges,http://www.flipkart.com/liza-women-wedges/p/itmeg6ef6zvwuxyy?pid=SNDEG6EFWGBCURUT,"[""Footwear >> Women's Footwear >> Wedges >> Liza Women Wedges""]",SNDEG6EFWGBCURUT,1990,1393,Liza
30-04-2016,03:22:56,HRS ULTIMATE BOY Elbow Pads,http://www.flipkart.com/hrs-ultimate-boy-elbow-pads/p/itmehzfhdahbman2?pid=PADEHZFHGHFQJAXV,"[""Sports & Fitness >> Team Sports >> Cricket >> Cricket Pads >>  HRS ULTIMATE BOY Elbow Pads ""]",PADEHZFHGHFQJAXV,250,230,HRS
30-04-2016,03:22:56,Sathiyas Cotton Bath Towel,http://www.flipkart.com/sathiyas-cotton-bath-towel/p/itmegfzhxbyucwgn?pid=BTWEGFZHGBXPHZUH,"[""Baby Care >> Baby Bath & Skin >> Baby Bath Towels >> Sathiyas Baby Bath Towels""] ",BTWEGFZHGBXPHZUH,600,449,Sathiyas
30-04-2016,03:22:56,HRS ULTIMATE MEN Chest Pads,http://www.flipkart.com/hrs-ultimate-men-chest-pads/p/itmehzfhwhhff5xb?pid=PADEHZFHCNQGWNNS,"[""Sports & Fitness >> Team Sports >> Cricket >> Cricket Pads >> HRS ULTIMATE MEN Chest Pads""]",PADEHZFHCNQGWNNS,440,395,HRS
30-04-2016,03:22:56,Eurospa Cotton Terry Face Towel Set,http://www.flipkart.com/eurospa-cotton-terry-face-towel-set/p/itmeg6shbrpubhca?pid=BTWEG6SHXTDB2A2Y,"[""Baby Care >> Baby Bath & Skin >> Baby Bath Towels >> Eurospa Cotton Terry Face Towel Set""]",BTWEG6SHXTDB2A2Y,,,Eurospa
20-06-2016,08:49:52,SANTOSH ROYAL FASHION Cotton Printed King sized Double Bedsheet,http://www.flipkart.com/santosh-royal-fashion-cotton-printed-king-sized-double-bedsheet/p/itmejt9uaqahahuf?pid=BDSEJT9UQWHDUBH4,"[""Home Furnishing >> Bed Linen >> Bedsheets >> SANTOSH ROYAL FASHION Bedsheets""]",BDSEJT9UQWHDUBH4,2699,1299,SANTOSH ROYAL FASHION
20-06-2016,08:49:52,CASEDEAL Microsoft Nokia lumia x2 Back Panel,http://www.flipkart.com/casedeal-microsoft-nokia-lumia-x2-back-panel/p/itmejmv5feg8fhcb?pid=MBPEJMV5GAY9SZX5,"[""Mobiles & Accessories >> Mobile Accessories >> Mobile Body Panels >> CASEDEAL Mobile Body Panels""]",MBPEJMV5GAY9SZX5,1999,380,CASEDEAL
20-06-2016,08:49:52,Mario Gotze Women's Printed Casual Orange Shirt,http://www.flipkart.com/mario-gotze-women-s-printed-casual-orange-shirt/p/itmejrchnshfzygz?pid=SHTEJRCHC5KESPYX,"[""Clothing >> Women's Clothing >> Western Wear >> Shirts, Tops & Tunics >> Shirts >> Mario Gotze Shirts""] ",SHTEJRCHC5KESPYX,1499,899,Mario Gotze
20-06-2016,08:49:52,Jaipur Print Cotton Floral King sized Double Bedsheet,http://www.flipkart.com/jaipur-print-cotton-floral-king-sized-double-bedsheet/p/itmejthnwahrnt7v?pid=BDSEJTHNGWVGWWQU,"[""Home Furnishing >> Bed Linen >> Bedsheets >> Jaipur Print Bedsheets >> Jaipur Print Cotton Floral King sized Double Bed...""]",BDSEJTHNGWVGWWQU,2599,698,Jaipur Print
20-06-2016,08:49:52,Shilpi NHSCN003 Coin Bank,http://www.flipkart.com/shilpi-nhscn003-coin-bank/p/itmej9edte4eymdr?pid=CNBEJ9EDXWN8HQUU,"[""Pens & Stationery >> College Supplies >> Coin Banks >> Shilpi Coin Banks >> Shilpi NHSCN003 Coin Bank (Brown)""]",CNBEJ9EDXWN8HQUU,900,650,Shilpi
20-06-2016,08:49:52,Jaipur Print Cotton Floral King sized Double Bedsheet,http://www.flipkart.com/jaipur-print-cotton-floral-king-sized-double-bedsheet/p/itmejthgzhsxzgs7?pid=BDSEJTHGGZH3HSJF,"[""Home Furnishing >> Bed Linen >> Bedsheets >> Jaipur Print Bedsheets >> Jaipur Print Cotton Floral King sized Double Bed...""]",BDSEJTHGGZH3HSJF,2599,698,Jaipur Print
17-05-2016,01:21:10,Babeezworld Dungaree Baby Boy's  Combo,http://www.flipkart.com/babeezworld-dungaree-baby-boy-s-combo/p/itmegntvcgtgezyf?pid=ACBEGNTVH7QYGJZU,"[""Baby Care >> Infant Wear >> Baby Boys' Clothes >> Combo Sets >> Babeezworld Dungaree Baby Boy's  Combo""]",ACBEGNTVH7QYGJZU,999,499,Babeezworld
06-06-2016,22:03:00,Redbag Eight Armed Goddess Sherawali Maa Showpiece  -  10.8 cm,http://www.flipkart.com/redbag-eight-armed-goddess-sherawali-maa-showpiece-10-8-cm/p/itmejyhm6gjrq6yv?pid=SHIEJYHMR7DUKT8W,"[""Home Decor & Festive Needs >> Table Decor & Handicrafts >> Showpiece >> Religious Idols >> Redbag Religious Idols""]",SHIEJYHMR7DUKT8W,1600,1200,Redbag
06-06-2016,22:03:00,"Proence Weight Gainers, Mass Gainers",http://www.flipkart.com/proence-weight-gainers-mass-gainers/p/itmeavtqg7dbzarf?pid=PSLEAVTQRYZP3YVG,"[""Food & Nutrition >> Health & Nutrition >> Protein Supplements >> Proence Weight Gainers, Mass Gainers (60 No, Unf...""]",PSLEAVTQRYZP3YVG,1025,949,Proence
03-12-2015,04:43:13,Discountgod Men's Checkered Casual Shirt,http://www.flipkart.com/discountgod-men-s-checkered-casual-shirt/p/itmeby72gtexzbbx?pid=SHTEBY72FGKPYBRU,"[""Clothing >> Men's Clothing >> Shirts >> Casual & Party Wear Shirts >> Discountgod Casual & Party Wear Shirts""]",SHTEBY72FGKPYBRU,750,590,Slim
03-12-2015,04:43:13,Silver Streak Men's Printed Casual Denim Shirt,http://www.flipkart.com/silver-streak-men-s-printed-casual-denim-shirt/p/itmeb5mnmvd4tzh5?pid=SHTEB5MNYHJJQGBJ,"[""Clothing >> Men's Clothing >> Shirts >> Casual & Party Wear Shirts >> Silver Streak Casual & Party Wear Shirts""]",SHTEB5MNYHJJQGBJ,1299,599,Slim
04-12-2015,07:25:36,"Cobra Paris CO6394A1 Analog Watch  - For Men, Boys",http://www.flipkart.com/cobra-paris-co6394a1-analog-watch-men-boys/p/itme3faxhgg8jhbr?pid=WATE3FAXGFHMASYX,"[""Watches >> Wrist Watches >> Cobra Paris Wrist Watches""]",WATE3FAXGFHMASYX,18995,15195,
04-12-2015,07:25:36,TEN TEN Women's Black Knee Length Boots Boots,http://www.flipkart.com/ten-women-s-black-knee-length-boots/p/itmeck2fhpccrf5p?pid=SHOECK2FYYWUT4KM,"[""Footwear >> Women's Footwear >> Casual Shoes >> Boots""]",SHOECK2FYYWUT4KM,4995,1995,
04-12-2015,07:25:36,"Aries Gold G 729 S-BK Analog Watch  - For Men, Boys",http://www.flipkart.com/aries-gold-g-729-s-bk-analog-watch-men-boys/p/itmecj25rfnthwfu?pid=WATECJ25SP6A7VD5,"[""Watches >> Wrist Watches >> Aries Gold Wrist Watches""]",WATECJ25SP6A7VD5,13699,13099,
04-12-2015,07:25:36,Carlton Boots,http://www.flipkart.com/carlton-boots/p/itme7zj3h9nkzyjb?pid=SHOE7ZJ3GQN3ZHNS,"[""Footwear >> Women's Footwear >> Casual Shoes >> Boots""]",SHOE7ZJ3GQN3ZHNS,3495,1223,
04-12-2015,07:25:36,Maserati Time R8851116001 Analog Watch  - For Boys,http://www.flipkart.com/maserati-time-r8851116001-analog-watch-boys/p/itmeayahfma4r9kp?pid=WATEAYAHJ8CUCAYM,"[""Watches >> Wrist Watches >> Maserati Time Wrist Watches""]",WATEAYAHJ8CUCAYM,24400,24400,
04-12-2015,07:25:36,"Vizion 8503B-1RED Cold Light Digital Watch  - For Boys, Girls",http://www.flipkart.com/vizion-8503b-1red-cold-light-digital-watch-boys-girls/p/itmecv66cdps2her?pid=WATECV664H5MMGSQ,"[""Watches >> Wrist Watches >> Vizion Wrist Watches""]",WATECV664H5MMGSQ,1095,595,
04-12-2015,07:25:36,"Camerii WM64 Elegance Analog Watch  - For Men, Boys",http://www.flipkart.com/camerii-wm64-elegance-analog-watch-men-boys/p/itme6y6duhfcummh?pid=WATE6Y6D2MZHWGBZ,"[""Watches >> Wrist Watches >> Camerii Wrist Watches""]",WATE6Y6D2MZHWGBZ,1099,449,
04-12-2015,07:25:36,Reckler Slim Fit Men's Jeans,http://www.flipkart.com/reckler-slim-fit-men-s-jeans/p/itmecn2pzhhswznp?pid=JEAECN2PWUKFA9GJ,"[""Clothing >> Men's Clothing >> Jeans >> Reckler Jeans""]",JEAECN2PWUKFA9GJ,5398,2599,Slim
04-12-2015,07:25:36,Quechua Arpenaz Novadry Boots,http://www.flipkart.com/quechua-arpenaz-novadry-boots/p/itme96xeamtkzarz?pid=SHOE4FZGGTE7HJXN,"[""Footwear >> Women's Footwear >> Casual Shoes >> Boots""]",SHOE4FZGGTE7HJXN,2499,2250,
04-12-2015,07:25:36,Colat COLAT_MW20 Sheen Analog Watch ,http://www.flipkart.com/colat-colat-mw20-sheen-analog-watch-men-women-boys-girls/p/itme2rx9jpyxcyqc?pid=WATE2RX9HHGBUQGA,"[""Watches >> Wrist Watches >> Colat Wrist Watches""]",WATE2RX9HHGBUQGA,3999,849,
04-12-2015,07:25:36,Steppings Trendy Boots,http://www.flipkart.com/steppings-trendy-boots/p/itme96vetrndpjr7?pid=SHOE2FQCE3QFC8ZM,"[""Footwear >> Women's Footwear >> Casual Shoes >> Boots""]",SHOE2FQCE3QFC8ZM,1799,719,
